# context	pack	rule	command
simple	core.git	git-push-force	git push --force origin main-1
compound	core.git	git-push-force	echo start-1 && git push --force origin main-1
subshell	core.git	git-push-force	(git push --force origin main-1)
pipeline	core.git	git-push-force	echo start-1 | git push --force origin main-1
inline	core.git	git-push-force	bash -c 'git push --force origin main-1'
simple	core.git	git-push-force	git push --force origin main-2
compound	core.git	git-push-force	echo start-2 && git push --force origin main-2
subshell	core.git	git-push-force	(git push --force origin main-2)
pipeline	core.git	git-push-force	echo start-2 | git push --force origin main-2
inline	core.git	git-push-force	bash -c 'git push --force origin main-2'
simple	core.git	git-push-force	git push --force origin main-3
compound	core.git	git-push-force	echo start-3 && git push --force origin main-3
subshell	core.git	git-push-force	(git push --force origin main-3)
pipeline	core.git	git-push-force	echo start-3 | git push --force origin main-3
inline	core.git	git-push-force	bash -c 'git push --force origin main-3'
simple	core.git	git-push-force	git push --force origin main-4
compound	core.git	git-push-force	echo start-4 && git push --force origin main-4
subshell	core.git	git-push-force	(git push --force origin main-4)
pipeline	core.git	git-push-force	echo start-4 | git push --force origin main-4
inline	core.git	git-push-force	bash -c 'git push --force origin main-4'
simple	core.git	git-push-force	git push --force origin main-5
compound	core.git	git-push-force	echo start-5 && git push --force origin main-5
subshell	core.git	git-push-force	(git push --force origin main-5)
pipeline	core.git	git-push-force	echo start-5 | git push --force origin main-5
inline	core.git	git-push-force	bash -c 'git push --force origin main-5'
simple	core.git	git-push-force	git push --force origin main-6
compound	core.git	git-push-force	echo start-6 && git push --force origin main-6
subshell	core.git	git-push-force	(git push --force origin main-6)
pipeline	core.git	git-push-force	echo start-6 | git push --force origin main-6
inline	core.git	git-push-force	bash -c 'git push --force origin main-6'
simple	core.git	git-push-force	git push --force origin main-7
compound	core.git	git-push-force	echo start-7 && git push --force origin main-7
subshell	core.git	git-push-force	(git push --force origin main-7)
pipeline	core.git	git-push-force	echo start-7 | git push --force origin main-7
inline	core.git	git-push-force	bash -c 'git push --force origin main-7'
simple	core.git	git-push-force	git push --force origin main-8
compound	core.git	git-push-force	echo start-8 && git push --force origin main-8
subshell	core.git	git-push-force	(git push --force origin main-8)
pipeline	core.git	git-push-force	echo start-8 | git push --force origin main-8
inline	core.git	git-push-force	bash -c 'git push --force origin main-8'
simple	core.git	git-push-force	git push --force origin main-9
compound	core.git	git-push-force	echo start-9 && git push --force origin main-9
subshell	core.git	git-push-force	(git push --force origin main-9)
pipeline	core.git	git-push-force	echo start-9 | git push --force origin main-9
inline	core.git	git-push-force	bash -c 'git push --force origin main-9'
simple	core.git	git-push-force	git push --force origin main-10
compound	core.git	git-push-force	echo start-10 && git push --force origin main-10
subshell	core.git	git-push-force	(git push --force origin main-10)
pipeline	core.git	git-push-force	echo start-10 | git push --force origin main-10
inline	core.git	git-push-force	bash -c 'git push --force origin main-10'
simple	core.git	git-push-force	git push --force origin main-11
compound	core.git	git-push-force	echo start-11 && git push --force origin main-11
subshell	core.git	git-push-force	(git push --force origin main-11)
pipeline	core.git	git-push-force	echo start-11 | git push --force origin main-11
inline	core.git	git-push-force	bash -c 'git push --force origin main-11'
simple	core.git	git-push-force	git push --force origin main-12
compound	core.git	git-push-force	echo start-12 && git push --force origin main-12
subshell	core.git	git-push-force	(git push --force origin main-12)
pipeline	core.git	git-push-force	echo start-12 | git push --force origin main-12
inline	core.git	git-push-force	bash -c 'git push --force origin main-12'
simple	core.git	git-push-force	git push --force origin main-13
compound	core.git	git-push-force	echo start-13 && git push --force origin main-13
subshell	core.git	git-push-force	(git push --force origin main-13)
pipeline	core.git	git-push-force	echo start-13 | git push --force origin main-13
inline	core.git	git-push-force	bash -c 'git push --force origin main-13'
simple	core.git	git-push-force	git push --force origin main-14
compound	core.git	git-push-force	echo start-14 && git push --force origin main-14
subshell	core.git	git-push-force	(git push --force origin main-14)
pipeline	core.git	git-push-force	echo start-14 | git push --force origin main-14
inline	core.git	git-push-force	bash -c 'git push --force origin main-14'
simple	core.git	git-push-force	git push --force origin main-15
compound	core.git	git-push-force	echo start-15 && git push --force origin main-15
subshell	core.git	git-push-force	(git push --force origin main-15)
pipeline	core.git	git-push-force	echo start-15 | git push --force origin main-15
inline	core.git	git-push-force	bash -c 'git push --force origin main-15'
simple	core.git	git-push-force	git push --force origin main-16
compound	core.git	git-push-force	echo start-16 && git push --force origin main-16
subshell	core.git	git-push-force	(git push --force origin main-16)
pipeline	core.git	git-push-force	echo start-16 | git push --force origin main-16
inline	core.git	git-push-force	bash -c 'git push --force origin main-16'
simple	core.git	git-push-force	git push --force origin main-17
compound	core.git	git-push-force	echo start-17 && git push --force origin main-17
subshell	core.git	git-push-force	(git push --force origin main-17)
pipeline	core.git	git-push-force	echo start-17 | git push --force origin main-17
inline	core.git	git-push-force	bash -c 'git push --force origin main-17'
simple	core.git	git-push-force	git push --force origin main-18
compound	core.git	git-push-force	echo start-18 && git push --force origin main-18
subshell	core.git	git-push-force	(git push --force origin main-18)
pipeline	core.git	git-push-force	echo start-18 | git push --force origin main-18
inline	core.git	git-push-force	bash -c 'git push --force origin main-18'
simple	core.git	git-push-force	git push --force origin main-19
compound	core.git	git-push-force	echo start-19 && git push --force origin main-19
subshell	core.git	git-push-force	(git push --force origin main-19)
pipeline	core.git	git-push-force	echo start-19 | git push --force origin main-19
inline	core.git	git-push-force	bash -c 'git push --force origin main-19'
simple	core.git	git-push-force	git push --force origin main-20
compound	core.git	git-push-force	echo start-20 && git push --force origin main-20
subshell	core.git	git-push-force	(git push --force origin main-20)
pipeline	core.git	git-push-force	echo start-20 | git push --force origin main-20
inline	core.git	git-push-force	bash -c 'git push --force origin main-20'
simple	core.git	git-push-force	git push --force origin main-21
compound	core.git	git-push-force	echo start-21 && git push --force origin main-21
subshell	core.git	git-push-force	(git push --force origin main-21)
pipeline	core.git	git-push-force	echo start-21 | git push --force origin main-21
inline	core.git	git-push-force	bash -c 'git push --force origin main-21'
simple	core.git	git-push-force	git push --force origin main-22
compound	core.git	git-push-force	echo start-22 && git push --force origin main-22
subshell	core.git	git-push-force	(git push --force origin main-22)
pipeline	core.git	git-push-force	echo start-22 | git push --force origin main-22
inline	core.git	git-push-force	bash -c 'git push --force origin main-22'
simple	core.git	git-push-force	git push --force origin main-23
compound	core.git	git-push-force	echo start-23 && git push --force origin main-23
subshell	core.git	git-push-force	(git push --force origin main-23)
pipeline	core.git	git-push-force	echo start-23 | git push --force origin main-23
inline	core.git	git-push-force	bash -c 'git push --force origin main-23'
simple	core.git	git-push-force	git push --force origin main-24
compound	core.git	git-push-force	echo start-24 && git push --force origin main-24
subshell	core.git	git-push-force	(git push --force origin main-24)
pipeline	core.git	git-push-force	echo start-24 | git push --force origin main-24
inline	core.git	git-push-force	bash -c 'git push --force origin main-24'
simple	core.git	git-push-force	git push --force origin main-25
compound	core.git	git-push-force	echo start-25 && git push --force origin main-25
subshell	core.git	git-push-force	(git push --force origin main-25)
pipeline	core.git	git-push-force	echo start-25 | git push --force origin main-25
inline	core.git	git-push-force	bash -c 'git push --force origin main-25'
simple	core.git	git-push-force	git push --force origin main-26
compound	core.git	git-push-force	echo start-26 && git push --force origin main-26
subshell	core.git	git-push-force	(git push --force origin main-26)
pipeline	core.git	git-push-force	echo start-26 | git push --force origin main-26
inline	core.git	git-push-force	bash -c 'git push --force origin main-26'
simple	core.git	git-push-force	git push --force origin main-27
compound	core.git	git-push-force	echo start-27 && git push --force origin main-27
subshell	core.git	git-push-force	(git push --force origin main-27)
pipeline	core.git	git-push-force	echo start-27 | git push --force origin main-27
inline	core.git	git-push-force	bash -c 'git push --force origin main-27'
simple	core.git	git-push-force	git push --force origin main-28
compound	core.git	git-push-force	echo start-28 && git push --force origin main-28
subshell	core.git	git-push-force	(git push --force origin main-28)
pipeline	core.git	git-push-force	echo start-28 | git push --force origin main-28
inline	core.git	git-push-force	bash -c 'git push --force origin main-28'
simple	core.git	git-push-force	git push --force origin main-29
compound	core.git	git-push-force	echo start-29 && git push --force origin main-29
subshell	core.git	git-push-force	(git push --force origin main-29)
pipeline	core.git	git-push-force	echo start-29 | git push --force origin main-29
inline	core.git	git-push-force	bash -c 'git push --force origin main-29'
simple	core.git	git-push-force	git push --force origin main-30
compound	core.git	git-push-force	echo start-30 && git push --force origin main-30
subshell	core.git	git-push-force	(git push --force origin main-30)
pipeline	core.git	git-push-force	echo start-30 | git push --force origin main-30
inline	core.git	git-push-force	bash -c 'git push --force origin main-30'
simple	core.git	git-push-force	git push --force origin main-31
compound	core.git	git-push-force	echo start-31 && git push --force origin main-31
subshell	core.git	git-push-force	(git push --force origin main-31)
pipeline	core.git	git-push-force	echo start-31 | git push --force origin main-31
inline	core.git	git-push-force	bash -c 'git push --force origin main-31'
simple	core.git	git-push-force	git push --force origin main-32
compound	core.git	git-push-force	echo start-32 && git push --force origin main-32
subshell	core.git	git-push-force	(git push --force origin main-32)
pipeline	core.git	git-push-force	echo start-32 | git push --force origin main-32
inline	core.git	git-push-force	bash -c 'git push --force origin main-32'
simple	core.git	git-push-force	git push --force origin main-33
compound	core.git	git-push-force	echo start-33 && git push --force origin main-33
subshell	core.git	git-push-force	(git push --force origin main-33)
pipeline	core.git	git-push-force	echo start-33 | git push --force origin main-33
inline	core.git	git-push-force	bash -c 'git push --force origin main-33'
simple	core.git	git-push-force	git push --force origin main-34
compound	core.git	git-push-force	echo start-34 && git push --force origin main-34
subshell	core.git	git-push-force	(git push --force origin main-34)
pipeline	core.git	git-push-force	echo start-34 | git push --force origin main-34
inline	core.git	git-push-force	bash -c 'git push --force origin main-34'
simple	core.git	git-push-force	git push --force origin main-35
compound	core.git	git-push-force	echo start-35 && git push --force origin main-35
subshell	core.git	git-push-force	(git push --force origin main-35)
pipeline	core.git	git-push-force	echo start-35 | git push --force origin main-35
inline	core.git	git-push-force	bash -c 'git push --force origin main-35'
simple	core.git	git-push-force	git push --force origin main-36
compound	core.git	git-push-force	echo start-36 && git push --force origin main-36
subshell	core.git	git-push-force	(git push --force origin main-36)
pipeline	core.git	git-push-force	echo start-36 | git push --force origin main-36
inline	core.git	git-push-force	bash -c 'git push --force origin main-36'
simple	core.git	git-push-force	git push --force origin main-37
compound	core.git	git-push-force	echo start-37 && git push --force origin main-37
subshell	core.git	git-push-force	(git push --force origin main-37)
pipeline	core.git	git-push-force	echo start-37 | git push --force origin main-37
inline	core.git	git-push-force	bash -c 'git push --force origin main-37'
simple	core.git	git-push-force	git push --force origin main-38
compound	core.git	git-push-force	echo start-38 && git push --force origin main-38
subshell	core.git	git-push-force	(git push --force origin main-38)
pipeline	core.git	git-push-force	echo start-38 | git push --force origin main-38
inline	core.git	git-push-force	bash -c 'git push --force origin main-38'
simple	core.git	git-push-force	git push --force origin main-39
compound	core.git	git-push-force	echo start-39 && git push --force origin main-39
subshell	core.git	git-push-force	(git push --force origin main-39)
pipeline	core.git	git-push-force	echo start-39 | git push --force origin main-39
inline	core.git	git-push-force	bash -c 'git push --force origin main-39'
simple	core.git	git-push-force	git push --force origin main-40
compound	core.git	git-push-force	echo start-40 && git push --force origin main-40
subshell	core.git	git-push-force	(git push --force origin main-40)
pipeline	core.git	git-push-force	echo start-40 | git push --force origin main-40
inline	core.git	git-push-force	bash -c 'git push --force origin main-40'
simple	core.git	git-push-force	git push --force origin main-41
compound	core.git	git-push-force	echo start-41 && git push --force origin main-41
subshell	core.git	git-push-force	(git push --force origin main-41)
pipeline	core.git	git-push-force	echo start-41 | git push --force origin main-41
inline	core.git	git-push-force	bash -c 'git push --force origin main-41'
simple	core.git	git-push-force	git push --force origin main-42
compound	core.git	git-push-force	echo start-42 && git push --force origin main-42
subshell	core.git	git-push-force	(git push --force origin main-42)
pipeline	core.git	git-push-force	echo start-42 | git push --force origin main-42
inline	core.git	git-push-force	bash -c 'git push --force origin main-42'
simple	core.git	git-push-force	git push --force origin main-43
compound	core.git	git-push-force	echo start-43 && git push --force origin main-43
subshell	core.git	git-push-force	(git push --force origin main-43)
pipeline	core.git	git-push-force	echo start-43 | git push --force origin main-43
inline	core.git	git-push-force	bash -c 'git push --force origin main-43'
simple	core.git	git-push-force	git push --force origin main-44
compound	core.git	git-push-force	echo start-44 && git push --force origin main-44
subshell	core.git	git-push-force	(git push --force origin main-44)
pipeline	core.git	git-push-force	echo start-44 | git push --force origin main-44
inline	core.git	git-push-force	bash -c 'git push --force origin main-44'
simple	core.git	git-push-force	git push --force origin main-45
compound	core.git	git-push-force	echo start-45 && git push --force origin main-45
subshell	core.git	git-push-force	(git push --force origin main-45)
pipeline	core.git	git-push-force	echo start-45 | git push --force origin main-45
inline	core.git	git-push-force	bash -c 'git push --force origin main-45'
simple	core.git	git-push-force	git push --force origin main-46
compound	core.git	git-push-force	echo start-46 && git push --force origin main-46
subshell	core.git	git-push-force	(git push --force origin main-46)
pipeline	core.git	git-push-force	echo start-46 | git push --force origin main-46
inline	core.git	git-push-force	bash -c 'git push --force origin main-46'
simple	core.git	git-push-force	git push --force origin main-47
compound	core.git	git-push-force	echo start-47 && git push --force origin main-47
subshell	core.git	git-push-force	(git push --force origin main-47)
pipeline	core.git	git-push-force	echo start-47 | git push --force origin main-47
inline	core.git	git-push-force	bash -c 'git push --force origin main-47'
simple	core.git	git-push-force	git push --force origin main-48
compound	core.git	git-push-force	echo start-48 && git push --force origin main-48
subshell	core.git	git-push-force	(git push --force origin main-48)
pipeline	core.git	git-push-force	echo start-48 | git push --force origin main-48
inline	core.git	git-push-force	bash -c 'git push --force origin main-48'
simple	core.git	git-push-force	git push --force origin main-49
compound	core.git	git-push-force	echo start-49 && git push --force origin main-49
subshell	core.git	git-push-force	(git push --force origin main-49)
pipeline	core.git	git-push-force	echo start-49 | git push --force origin main-49
inline	core.git	git-push-force	bash -c 'git push --force origin main-49'
simple	core.git	git-push-force	git push --force origin main-50
compound	core.git	git-push-force	echo start-50 && git push --force origin main-50
subshell	core.git	git-push-force	(git push --force origin main-50)
pipeline	core.git	git-push-force	echo start-50 | git push --force origin main-50
inline	core.git	git-push-force	bash -c 'git push --force origin main-50'
simple	core.git	git-push-force	git push --force origin main-51
compound	core.git	git-push-force	echo start-51 && git push --force origin main-51
subshell	core.git	git-push-force	(git push --force origin main-51)
pipeline	core.git	git-push-force	echo start-51 | git push --force origin main-51
inline	core.git	git-push-force	bash -c 'git push --force origin main-51'
simple	core.git	git-push-force	git push --force origin main-52
compound	core.git	git-push-force	echo start-52 && git push --force origin main-52
subshell	core.git	git-push-force	(git push --force origin main-52)
pipeline	core.git	git-push-force	echo start-52 | git push --force origin main-52
inline	core.git	git-push-force	bash -c 'git push --force origin main-52'
simple	core.git	git-push-force	git push --force origin main-53
compound	core.git	git-push-force	echo start-53 && git push --force origin main-53
subshell	core.git	git-push-force	(git push --force origin main-53)
pipeline	core.git	git-push-force	echo start-53 | git push --force origin main-53
inline	core.git	git-push-force	bash -c 'git push --force origin main-53'
simple	core.git	git-push-force	git push --force origin main-54
compound	core.git	git-push-force	echo start-54 && git push --force origin main-54
subshell	core.git	git-push-force	(git push --force origin main-54)
pipeline	core.git	git-push-force	echo start-54 | git push --force origin main-54
inline	core.git	git-push-force	bash -c 'git push --force origin main-54'
simple	core.git	git-push-force	git push --force origin main-55
compound	core.git	git-push-force	echo start-55 && git push --force origin main-55
subshell	core.git	git-push-force	(git push --force origin main-55)
pipeline	core.git	git-push-force	echo start-55 | git push --force origin main-55
inline	core.git	git-push-force	bash -c 'git push --force origin main-55'
simple	core.git	git-push-force	git push --force origin main-56
compound	core.git	git-push-force	echo start-56 && git push --force origin main-56
subshell	core.git	git-push-force	(git push --force origin main-56)
pipeline	core.git	git-push-force	echo start-56 | git push --force origin main-56
inline	core.git	git-push-force	bash -c 'git push --force origin main-56'
simple	core.git	git-push-force	git push --force origin main-57
compound	core.git	git-push-force	echo start-57 && git push --force origin main-57
subshell	core.git	git-push-force	(git push --force origin main-57)
pipeline	core.git	git-push-force	echo start-57 | git push --force origin main-57
inline	core.git	git-push-force	bash -c 'git push --force origin main-57'
simple	core.git	git-push-force	git push --force origin main-58
compound	core.git	git-push-force	echo start-58 && git push --force origin main-58
subshell	core.git	git-push-force	(git push --force origin main-58)
pipeline	core.git	git-push-force	echo start-58 | git push --force origin main-58
inline	core.git	git-push-force	bash -c 'git push --force origin main-58'
simple	core.git	git-push-force	git push --force origin main-59
compound	core.git	git-push-force	echo start-59 && git push --force origin main-59
subshell	core.git	git-push-force	(git push --force origin main-59)
pipeline	core.git	git-push-force	echo start-59 | git push --force origin main-59
inline	core.git	git-push-force	bash -c 'git push --force origin main-59'
simple	core.git	git-push-force	git push --force origin main-60
compound	core.git	git-push-force	echo start-60 && git push --force origin main-60
subshell	core.git	git-push-force	(git push --force origin main-60)
pipeline	core.git	git-push-force	echo start-60 | git push --force origin main-60
inline	core.git	git-push-force	bash -c 'git push --force origin main-60'
simple	core.filesystem	rm-rf	rm -rf /tmp/fdp3-1
compound	core.filesystem	rm-rf	echo wipe-1 && rm -rf /tmp/fdp3-1
subshell	core.filesystem	rm-rf	(rm -rf /tmp/fdp3-1)
pipeline	core.filesystem	rm-rf	echo wipe-1 | rm -rf /tmp/fdp3-1
variable	core.filesystem	rm-rf	DIR=/tmp/fdp3-1; rm -rf 
simple	core.filesystem	rm-rf	rm -rf /tmp/fdp3-2
compound	core.filesystem	rm-rf	echo wipe-2 && rm -rf /tmp/fdp3-2
subshell	core.filesystem	rm-rf	(rm -rf /tmp/fdp3-2)
pipeline	core.filesystem	rm-rf	echo wipe-2 | rm -rf /tmp/fdp3-2
variable	core.filesystem	rm-rf	DIR=/tmp/fdp3-2; rm -rf 
simple	core.filesystem	rm-rf	rm -rf /tmp/fdp3-3
compound	core.filesystem	rm-rf	echo wipe-3 && rm -rf /tmp/fdp3-3
subshell	core.filesystem	rm-rf	(rm -rf /tmp/fdp3-3)
pipeline	core.filesystem	rm-rf	echo wipe-3 | rm -rf /tmp/fdp3-3
variable	core.filesystem	rm-rf	DIR=/tmp/fdp3-3; rm -rf 
simple	core.filesystem	rm-rf	rm -rf /tmp/fdp3-4
compound	core.filesystem	rm-rf	echo wipe-4 && rm -rf /tmp/fdp3-4
subshell	core.filesystem	rm-rf	(rm -rf /tmp/fdp3-4)
pipeline	core.filesystem	rm-rf	echo wipe-4 | rm -rf /tmp/fdp3-4
variable	core.filesystem	rm-rf	DIR=/tmp/fdp3-4; rm -rf 
simple	core.filesystem	rm-rf	rm -rf /tmp/fdp3-5
compound	core.filesystem	rm-rf	echo wipe-5 && rm -rf /tmp/fdp3-5
subshell	core.filesystem	rm-rf	(rm -rf /tmp/fdp3-5)
pipeline	core.filesystem	rm-rf	echo wipe-5 | rm -rf /tmp/fdp3-5
variable	core.filesystem	rm-rf	DIR=/tmp/fdp3-5; rm -rf 
simple	core.filesystem	rm-rf	rm -rf /tmp/fdp3-6
compound	core.filesystem	rm-rf	echo wipe-6 && rm -rf /tmp/fdp3-6
subshell	core.filesystem	rm-rf	(rm -rf /tmp/fdp3-6)
pipeline	core.filesystem	rm-rf	echo wipe-6 | rm -rf /tmp/fdp3-6
variable	core.filesystem	rm-rf	DIR=/tmp/fdp3-6; rm -rf 
simple	core.filesystem	rm-rf	rm -rf /tmp/fdp3-7
compound	core.filesystem	rm-rf	echo wipe-7 && rm -rf /tmp/fdp3-7
subshell	core.filesystem	rm-rf	(rm -rf /tmp/fdp3-7)
pipeline	core.filesystem	rm-rf	echo wipe-7 | rm -rf /tmp/fdp3-7
variable	core.filesystem	rm-rf	DIR=/tmp/fdp3-7; rm -rf 
simple	core.filesystem	rm-rf	rm -rf /tmp/fdp3-8
compound	core.filesystem	rm-rf	echo wipe-8 && rm -rf /tmp/fdp3-8
subshell	core.filesystem	rm-rf	(rm -rf /tmp/fdp3-8)
pipeline	core.filesystem	rm-rf	echo wipe-8 | rm -rf /tmp/fdp3-8
variable	core.filesystem	rm-rf	DIR=/tmp/fdp3-8; rm -rf 
simple	core.filesystem	rm-rf	rm -rf /tmp/fdp3-9
compound	core.filesystem	rm-rf	echo wipe-9 && rm -rf /tmp/fdp3-9
subshell	core.filesystem	rm-rf	(rm -rf /tmp/fdp3-9)
pipeline	core.filesystem	rm-rf	echo wipe-9 | rm -rf /tmp/fdp3-9
variable	core.filesystem	rm-rf	DIR=/tmp/fdp3-9; rm -rf 
simple	core.filesystem	rm-rf	rm -rf /tmp/fdp3-10
compound	core.filesystem	rm-rf	echo wipe-10 && rm -rf /tmp/fdp3-10
subshell	core.filesystem	rm-rf	(rm -rf /tmp/fdp3-10)
pipeline	core.filesystem	rm-rf	echo wipe-10 | rm -rf /tmp/fdp3-10
variable	core.filesystem	rm-rf	DIR=/tmp/fdp3-10; rm -rf 
simple	core.filesystem	rm-rf	rm -rf /tmp/fdp3-11
compound	core.filesystem	rm-rf	echo wipe-11 && rm -rf /tmp/fdp3-11
subshell	core.filesystem	rm-rf	(rm -rf /tmp/fdp3-11)
pipeline	core.filesystem	rm-rf	echo wipe-11 | rm -rf /tmp/fdp3-11
variable	core.filesystem	rm-rf	DIR=/tmp/fdp3-11; rm -rf 
simple	core.filesystem	rm-rf	rm -rf /tmp/fdp3-12
compound	core.filesystem	rm-rf	echo wipe-12 && rm -rf /tmp/fdp3-12
subshell	core.filesystem	rm-rf	(rm -rf /tmp/fdp3-12)
pipeline	core.filesystem	rm-rf	echo wipe-12 | rm -rf /tmp/fdp3-12
variable	core.filesystem	rm-rf	DIR=/tmp/fdp3-12; rm -rf 
simple	core.filesystem	rm-rf	rm -rf /tmp/fdp3-13
compound	core.filesystem	rm-rf	echo wipe-13 && rm -rf /tmp/fdp3-13
subshell	core.filesystem	rm-rf	(rm -rf /tmp/fdp3-13)
pipeline	core.filesystem	rm-rf	echo wipe-13 | rm -rf /tmp/fdp3-13
variable	core.filesystem	rm-rf	DIR=/tmp/fdp3-13; rm -rf 
simple	core.filesystem	rm-rf	rm -rf /tmp/fdp3-14
compound	core.filesystem	rm-rf	echo wipe-14 && rm -rf /tmp/fdp3-14
subshell	core.filesystem	rm-rf	(rm -rf /tmp/fdp3-14)
pipeline	core.filesystem	rm-rf	echo wipe-14 | rm -rf /tmp/fdp3-14
variable	core.filesystem	rm-rf	DIR=/tmp/fdp3-14; rm -rf 
simple	core.filesystem	rm-rf	rm -rf /tmp/fdp3-15
compound	core.filesystem	rm-rf	echo wipe-15 && rm -rf /tmp/fdp3-15
subshell	core.filesystem	rm-rf	(rm -rf /tmp/fdp3-15)
pipeline	core.filesystem	rm-rf	echo wipe-15 | rm -rf /tmp/fdp3-15
variable	core.filesystem	rm-rf	DIR=/tmp/fdp3-15; rm -rf 
simple	core.filesystem	rm-rf	rm -rf /tmp/fdp3-16
compound	core.filesystem	rm-rf	echo wipe-16 && rm -rf /tmp/fdp3-16
subshell	core.filesystem	rm-rf	(rm -rf /tmp/fdp3-16)
pipeline	core.filesystem	rm-rf	echo wipe-16 | rm -rf /tmp/fdp3-16
variable	core.filesystem	rm-rf	DIR=/tmp/fdp3-16; rm -rf 
simple	core.filesystem	rm-rf	rm -rf /tmp/fdp3-17
compound	core.filesystem	rm-rf	echo wipe-17 && rm -rf /tmp/fdp3-17
subshell	core.filesystem	rm-rf	(rm -rf /tmp/fdp3-17)
pipeline	core.filesystem	rm-rf	echo wipe-17 | rm -rf /tmp/fdp3-17
variable	core.filesystem	rm-rf	DIR=/tmp/fdp3-17; rm -rf 
simple	core.filesystem	rm-rf	rm -rf /tmp/fdp3-18
compound	core.filesystem	rm-rf	echo wipe-18 && rm -rf /tmp/fdp3-18
subshell	core.filesystem	rm-rf	(rm -rf /tmp/fdp3-18)
pipeline	core.filesystem	rm-rf	echo wipe-18 | rm -rf /tmp/fdp3-18
variable	core.filesystem	rm-rf	DIR=/tmp/fdp3-18; rm -rf 
simple	core.filesystem	rm-rf	rm -rf /tmp/fdp3-19
compound	core.filesystem	rm-rf	echo wipe-19 && rm -rf /tmp/fdp3-19
subshell	core.filesystem	rm-rf	(rm -rf /tmp/fdp3-19)
pipeline	core.filesystem	rm-rf	echo wipe-19 | rm -rf /tmp/fdp3-19
variable	core.filesystem	rm-rf	DIR=/tmp/fdp3-19; rm -rf 
simple	core.filesystem	rm-rf	rm -rf /tmp/fdp3-20
compound	core.filesystem	rm-rf	echo wipe-20 && rm -rf /tmp/fdp3-20
subshell	core.filesystem	rm-rf	(rm -rf /tmp/fdp3-20)
pipeline	core.filesystem	rm-rf	echo wipe-20 | rm -rf /tmp/fdp3-20
variable	core.filesystem	rm-rf	DIR=/tmp/fdp3-20; rm -rf 
simple	core.filesystem	rm-rf	rm -rf /tmp/fdp3-21
compound	core.filesystem	rm-rf	echo wipe-21 && rm -rf /tmp/fdp3-21
subshell	core.filesystem	rm-rf	(rm -rf /tmp/fdp3-21)
pipeline	core.filesystem	rm-rf	echo wipe-21 | rm -rf /tmp/fdp3-21
variable	core.filesystem	rm-rf	DIR=/tmp/fdp3-21; rm -rf 
simple	core.filesystem	rm-rf	rm -rf /tmp/fdp3-22
compound	core.filesystem	rm-rf	echo wipe-22 && rm -rf /tmp/fdp3-22
subshell	core.filesystem	rm-rf	(rm -rf /tmp/fdp3-22)
pipeline	core.filesystem	rm-rf	echo wipe-22 | rm -rf /tmp/fdp3-22
variable	core.filesystem	rm-rf	DIR=/tmp/fdp3-22; rm -rf 
simple	core.filesystem	rm-rf	rm -rf /tmp/fdp3-23
compound	core.filesystem	rm-rf	echo wipe-23 && rm -rf /tmp/fdp3-23
subshell	core.filesystem	rm-rf	(rm -rf /tmp/fdp3-23)
pipeline	core.filesystem	rm-rf	echo wipe-23 | rm -rf /tmp/fdp3-23
variable	core.filesystem	rm-rf	DIR=/tmp/fdp3-23; rm -rf 
simple	core.filesystem	rm-rf	rm -rf /tmp/fdp3-24
compound	core.filesystem	rm-rf	echo wipe-24 && rm -rf /tmp/fdp3-24
subshell	core.filesystem	rm-rf	(rm -rf /tmp/fdp3-24)
pipeline	core.filesystem	rm-rf	echo wipe-24 | rm -rf /tmp/fdp3-24
variable	core.filesystem	rm-rf	DIR=/tmp/fdp3-24; rm -rf 
simple	core.filesystem	rm-rf	rm -rf /tmp/fdp3-25
compound	core.filesystem	rm-rf	echo wipe-25 && rm -rf /tmp/fdp3-25
subshell	core.filesystem	rm-rf	(rm -rf /tmp/fdp3-25)
pipeline	core.filesystem	rm-rf	echo wipe-25 | rm -rf /tmp/fdp3-25
variable	core.filesystem	rm-rf	DIR=/tmp/fdp3-25; rm -rf 
simple	core.filesystem	rm-rf	rm -rf /tmp/fdp3-26
compound	core.filesystem	rm-rf	echo wipe-26 && rm -rf /tmp/fdp3-26
subshell	core.filesystem	rm-rf	(rm -rf /tmp/fdp3-26)
pipeline	core.filesystem	rm-rf	echo wipe-26 | rm -rf /tmp/fdp3-26
variable	core.filesystem	rm-rf	DIR=/tmp/fdp3-26; rm -rf 
simple	core.filesystem	rm-rf	rm -rf /tmp/fdp3-27
compound	core.filesystem	rm-rf	echo wipe-27 && rm -rf /tmp/fdp3-27
subshell	core.filesystem	rm-rf	(rm -rf /tmp/fdp3-27)
pipeline	core.filesystem	rm-rf	echo wipe-27 | rm -rf /tmp/fdp3-27
variable	core.filesystem	rm-rf	DIR=/tmp/fdp3-27; rm -rf 
simple	core.filesystem	rm-rf	rm -rf /tmp/fdp3-28
compound	core.filesystem	rm-rf	echo wipe-28 && rm -rf /tmp/fdp3-28
subshell	core.filesystem	rm-rf	(rm -rf /tmp/fdp3-28)
pipeline	core.filesystem	rm-rf	echo wipe-28 | rm -rf /tmp/fdp3-28
variable	core.filesystem	rm-rf	DIR=/tmp/fdp3-28; rm -rf 
simple	core.filesystem	rm-rf	rm -rf /tmp/fdp3-29
compound	core.filesystem	rm-rf	echo wipe-29 && rm -rf /tmp/fdp3-29
subshell	core.filesystem	rm-rf	(rm -rf /tmp/fdp3-29)
pipeline	core.filesystem	rm-rf	echo wipe-29 | rm -rf /tmp/fdp3-29
variable	core.filesystem	rm-rf	DIR=/tmp/fdp3-29; rm -rf 
simple	core.filesystem	rm-rf	rm -rf /tmp/fdp3-30
compound	core.filesystem	rm-rf	echo wipe-30 && rm -rf /tmp/fdp3-30
subshell	core.filesystem	rm-rf	(rm -rf /tmp/fdp3-30)
pipeline	core.filesystem	rm-rf	echo wipe-30 | rm -rf /tmp/fdp3-30
variable	core.filesystem	rm-rf	DIR=/tmp/fdp3-30; rm -rf 
simple	core.filesystem	rm-rf	rm -rf /tmp/fdp3-31
compound	core.filesystem	rm-rf	echo wipe-31 && rm -rf /tmp/fdp3-31
subshell	core.filesystem	rm-rf	(rm -rf /tmp/fdp3-31)
pipeline	core.filesystem	rm-rf	echo wipe-31 | rm -rf /tmp/fdp3-31
variable	core.filesystem	rm-rf	DIR=/tmp/fdp3-31; rm -rf 
simple	core.filesystem	rm-rf	rm -rf /tmp/fdp3-32
compound	core.filesystem	rm-rf	echo wipe-32 && rm -rf /tmp/fdp3-32
subshell	core.filesystem	rm-rf	(rm -rf /tmp/fdp3-32)
pipeline	core.filesystem	rm-rf	echo wipe-32 | rm -rf /tmp/fdp3-32
variable	core.filesystem	rm-rf	DIR=/tmp/fdp3-32; rm -rf 
simple	core.filesystem	rm-rf	rm -rf /tmp/fdp3-33
compound	core.filesystem	rm-rf	echo wipe-33 && rm -rf /tmp/fdp3-33
subshell	core.filesystem	rm-rf	(rm -rf /tmp/fdp3-33)
pipeline	core.filesystem	rm-rf	echo wipe-33 | rm -rf /tmp/fdp3-33
variable	core.filesystem	rm-rf	DIR=/tmp/fdp3-33; rm -rf 
simple	core.filesystem	rm-rf	rm -rf /tmp/fdp3-34
compound	core.filesystem	rm-rf	echo wipe-34 && rm -rf /tmp/fdp3-34
subshell	core.filesystem	rm-rf	(rm -rf /tmp/fdp3-34)
pipeline	core.filesystem	rm-rf	echo wipe-34 | rm -rf /tmp/fdp3-34
variable	core.filesystem	rm-rf	DIR=/tmp/fdp3-34; rm -rf 
simple	core.filesystem	rm-rf	rm -rf /tmp/fdp3-35
compound	core.filesystem	rm-rf	echo wipe-35 && rm -rf /tmp/fdp3-35
subshell	core.filesystem	rm-rf	(rm -rf /tmp/fdp3-35)
pipeline	core.filesystem	rm-rf	echo wipe-35 | rm -rf /tmp/fdp3-35
variable	core.filesystem	rm-rf	DIR=/tmp/fdp3-35; rm -rf 
simple	core.filesystem	rm-rf	rm -rf /tmp/fdp3-36
compound	core.filesystem	rm-rf	echo wipe-36 && rm -rf /tmp/fdp3-36
subshell	core.filesystem	rm-rf	(rm -rf /tmp/fdp3-36)
pipeline	core.filesystem	rm-rf	echo wipe-36 | rm -rf /tmp/fdp3-36
variable	core.filesystem	rm-rf	DIR=/tmp/fdp3-36; rm -rf 
simple	core.filesystem	rm-rf	rm -rf /tmp/fdp3-37
compound	core.filesystem	rm-rf	echo wipe-37 && rm -rf /tmp/fdp3-37
subshell	core.filesystem	rm-rf	(rm -rf /tmp/fdp3-37)
pipeline	core.filesystem	rm-rf	echo wipe-37 | rm -rf /tmp/fdp3-37
variable	core.filesystem	rm-rf	DIR=/tmp/fdp3-37; rm -rf 
simple	core.filesystem	rm-rf	rm -rf /tmp/fdp3-38
compound	core.filesystem	rm-rf	echo wipe-38 && rm -rf /tmp/fdp3-38
subshell	core.filesystem	rm-rf	(rm -rf /tmp/fdp3-38)
pipeline	core.filesystem	rm-rf	echo wipe-38 | rm -rf /tmp/fdp3-38
variable	core.filesystem	rm-rf	DIR=/tmp/fdp3-38; rm -rf 
simple	core.filesystem	rm-rf	rm -rf /tmp/fdp3-39
compound	core.filesystem	rm-rf	echo wipe-39 && rm -rf /tmp/fdp3-39
subshell	core.filesystem	rm-rf	(rm -rf /tmp/fdp3-39)
pipeline	core.filesystem	rm-rf	echo wipe-39 | rm -rf /tmp/fdp3-39
variable	core.filesystem	rm-rf	DIR=/tmp/fdp3-39; rm -rf 
simple	core.filesystem	rm-rf	rm -rf /tmp/fdp3-40
compound	core.filesystem	rm-rf	echo wipe-40 && rm -rf /tmp/fdp3-40
subshell	core.filesystem	rm-rf	(rm -rf /tmp/fdp3-40)
pipeline	core.filesystem	rm-rf	echo wipe-40 | rm -rf /tmp/fdp3-40
variable	core.filesystem	rm-rf	DIR=/tmp/fdp3-40; rm -rf 
simple	core.filesystem	rm-rf	rm -rf /tmp/fdp3-41
compound	core.filesystem	rm-rf	echo wipe-41 && rm -rf /tmp/fdp3-41
subshell	core.filesystem	rm-rf	(rm -rf /tmp/fdp3-41)
pipeline	core.filesystem	rm-rf	echo wipe-41 | rm -rf /tmp/fdp3-41
variable	core.filesystem	rm-rf	DIR=/tmp/fdp3-41; rm -rf 
simple	core.filesystem	rm-rf	rm -rf /tmp/fdp3-42
compound	core.filesystem	rm-rf	echo wipe-42 && rm -rf /tmp/fdp3-42
subshell	core.filesystem	rm-rf	(rm -rf /tmp/fdp3-42)
pipeline	core.filesystem	rm-rf	echo wipe-42 | rm -rf /tmp/fdp3-42
variable	core.filesystem	rm-rf	DIR=/tmp/fdp3-42; rm -rf 
simple	core.filesystem	rm-rf	rm -rf /tmp/fdp3-43
compound	core.filesystem	rm-rf	echo wipe-43 && rm -rf /tmp/fdp3-43
subshell	core.filesystem	rm-rf	(rm -rf /tmp/fdp3-43)
pipeline	core.filesystem	rm-rf	echo wipe-43 | rm -rf /tmp/fdp3-43
variable	core.filesystem	rm-rf	DIR=/tmp/fdp3-43; rm -rf 
simple	core.filesystem	rm-rf	rm -rf /tmp/fdp3-44
compound	core.filesystem	rm-rf	echo wipe-44 && rm -rf /tmp/fdp3-44
subshell	core.filesystem	rm-rf	(rm -rf /tmp/fdp3-44)
pipeline	core.filesystem	rm-rf	echo wipe-44 | rm -rf /tmp/fdp3-44
variable	core.filesystem	rm-rf	DIR=/tmp/fdp3-44; rm -rf 
simple	core.filesystem	rm-rf	rm -rf /tmp/fdp3-45
compound	core.filesystem	rm-rf	echo wipe-45 && rm -rf /tmp/fdp3-45
subshell	core.filesystem	rm-rf	(rm -rf /tmp/fdp3-45)
pipeline	core.filesystem	rm-rf	echo wipe-45 | rm -rf /tmp/fdp3-45
variable	core.filesystem	rm-rf	DIR=/tmp/fdp3-45; rm -rf 
simple	core.filesystem	rm-rf	rm -rf /tmp/fdp3-46
compound	core.filesystem	rm-rf	echo wipe-46 && rm -rf /tmp/fdp3-46
subshell	core.filesystem	rm-rf	(rm -rf /tmp/fdp3-46)
pipeline	core.filesystem	rm-rf	echo wipe-46 | rm -rf /tmp/fdp3-46
variable	core.filesystem	rm-rf	DIR=/tmp/fdp3-46; rm -rf 
simple	core.filesystem	rm-rf	rm -rf /tmp/fdp3-47
compound	core.filesystem	rm-rf	echo wipe-47 && rm -rf /tmp/fdp3-47
subshell	core.filesystem	rm-rf	(rm -rf /tmp/fdp3-47)
pipeline	core.filesystem	rm-rf	echo wipe-47 | rm -rf /tmp/fdp3-47
variable	core.filesystem	rm-rf	DIR=/tmp/fdp3-47; rm -rf 
simple	core.filesystem	rm-rf	rm -rf /tmp/fdp3-48
compound	core.filesystem	rm-rf	echo wipe-48 && rm -rf /tmp/fdp3-48
subshell	core.filesystem	rm-rf	(rm -rf /tmp/fdp3-48)
pipeline	core.filesystem	rm-rf	echo wipe-48 | rm -rf /tmp/fdp3-48
variable	core.filesystem	rm-rf	DIR=/tmp/fdp3-48; rm -rf 
simple	core.filesystem	rm-rf	rm -rf /tmp/fdp3-49
compound	core.filesystem	rm-rf	echo wipe-49 && rm -rf /tmp/fdp3-49
subshell	core.filesystem	rm-rf	(rm -rf /tmp/fdp3-49)
pipeline	core.filesystem	rm-rf	echo wipe-49 | rm -rf /tmp/fdp3-49
variable	core.filesystem	rm-rf	DIR=/tmp/fdp3-49; rm -rf 
simple	core.filesystem	rm-rf	rm -rf /tmp/fdp3-50
compound	core.filesystem	rm-rf	echo wipe-50 && rm -rf /tmp/fdp3-50
subshell	core.filesystem	rm-rf	(rm -rf /tmp/fdp3-50)
pipeline	core.filesystem	rm-rf	echo wipe-50 | rm -rf /tmp/fdp3-50
variable	core.filesystem	rm-rf	DIR=/tmp/fdp3-50; rm -rf 
simple	core.filesystem	rm-rf	rm -rf /tmp/fdp3-51
compound	core.filesystem	rm-rf	echo wipe-51 && rm -rf /tmp/fdp3-51
subshell	core.filesystem	rm-rf	(rm -rf /tmp/fdp3-51)
pipeline	core.filesystem	rm-rf	echo wipe-51 | rm -rf /tmp/fdp3-51
variable	core.filesystem	rm-rf	DIR=/tmp/fdp3-51; rm -rf 
simple	core.filesystem	rm-rf	rm -rf /tmp/fdp3-52
compound	core.filesystem	rm-rf	echo wipe-52 && rm -rf /tmp/fdp3-52
subshell	core.filesystem	rm-rf	(rm -rf /tmp/fdp3-52)
pipeline	core.filesystem	rm-rf	echo wipe-52 | rm -rf /tmp/fdp3-52
variable	core.filesystem	rm-rf	DIR=/tmp/fdp3-52; rm -rf 
simple	core.filesystem	rm-rf	rm -rf /tmp/fdp3-53
compound	core.filesystem	rm-rf	echo wipe-53 && rm -rf /tmp/fdp3-53
subshell	core.filesystem	rm-rf	(rm -rf /tmp/fdp3-53)
pipeline	core.filesystem	rm-rf	echo wipe-53 | rm -rf /tmp/fdp3-53
variable	core.filesystem	rm-rf	DIR=/tmp/fdp3-53; rm -rf 
simple	core.filesystem	rm-rf	rm -rf /tmp/fdp3-54
compound	core.filesystem	rm-rf	echo wipe-54 && rm -rf /tmp/fdp3-54
subshell	core.filesystem	rm-rf	(rm -rf /tmp/fdp3-54)
pipeline	core.filesystem	rm-rf	echo wipe-54 | rm -rf /tmp/fdp3-54
variable	core.filesystem	rm-rf	DIR=/tmp/fdp3-54; rm -rf 
simple	core.filesystem	rm-rf	rm -rf /tmp/fdp3-55
compound	core.filesystem	rm-rf	echo wipe-55 && rm -rf /tmp/fdp3-55
subshell	core.filesystem	rm-rf	(rm -rf /tmp/fdp3-55)
pipeline	core.filesystem	rm-rf	echo wipe-55 | rm -rf /tmp/fdp3-55
variable	core.filesystem	rm-rf	DIR=/tmp/fdp3-55; rm -rf 
simple	core.filesystem	rm-rf	rm -rf /tmp/fdp3-56
compound	core.filesystem	rm-rf	echo wipe-56 && rm -rf /tmp/fdp3-56
subshell	core.filesystem	rm-rf	(rm -rf /tmp/fdp3-56)
pipeline	core.filesystem	rm-rf	echo wipe-56 | rm -rf /tmp/fdp3-56
variable	core.filesystem	rm-rf	DIR=/tmp/fdp3-56; rm -rf 
simple	core.filesystem	rm-rf	rm -rf /tmp/fdp3-57
compound	core.filesystem	rm-rf	echo wipe-57 && rm -rf /tmp/fdp3-57
subshell	core.filesystem	rm-rf	(rm -rf /tmp/fdp3-57)
pipeline	core.filesystem	rm-rf	echo wipe-57 | rm -rf /tmp/fdp3-57
variable	core.filesystem	rm-rf	DIR=/tmp/fdp3-57; rm -rf 
simple	core.filesystem	rm-rf	rm -rf /tmp/fdp3-58
compound	core.filesystem	rm-rf	echo wipe-58 && rm -rf /tmp/fdp3-58
subshell	core.filesystem	rm-rf	(rm -rf /tmp/fdp3-58)
pipeline	core.filesystem	rm-rf	echo wipe-58 | rm -rf /tmp/fdp3-58
variable	core.filesystem	rm-rf	DIR=/tmp/fdp3-58; rm -rf 
simple	core.filesystem	rm-rf	rm -rf /tmp/fdp3-59
compound	core.filesystem	rm-rf	echo wipe-59 && rm -rf /tmp/fdp3-59
subshell	core.filesystem	rm-rf	(rm -rf /tmp/fdp3-59)
pipeline	core.filesystem	rm-rf	echo wipe-59 | rm -rf /tmp/fdp3-59
variable	core.filesystem	rm-rf	DIR=/tmp/fdp3-59; rm -rf 
simple	core.filesystem	rm-rf	rm -rf /tmp/fdp3-60
compound	core.filesystem	rm-rf	echo wipe-60 && rm -rf /tmp/fdp3-60
subshell	core.filesystem	rm-rf	(rm -rf /tmp/fdp3-60)
pipeline	core.filesystem	rm-rf	echo wipe-60 | rm -rf /tmp/fdp3-60
variable	core.filesystem	rm-rf	DIR=/tmp/fdp3-60; rm -rf 
simple	frameworks	rails-db-reset	rails db:reset
inline	frameworks	rails-db-reset	bash -c 'rails db:reset'
variable	frameworks	rails-db-reset	RAILS_ENV=production rails db:reset
simple	frameworks	rails-db-reset	rails db:reset
inline	frameworks	rails-db-reset	bash -c 'rails db:reset'
variable	frameworks	rails-db-reset	RAILS_ENV=production rails db:reset
simple	frameworks	rails-db-reset	rails db:reset
inline	frameworks	rails-db-reset	bash -c 'rails db:reset'
variable	frameworks	rails-db-reset	RAILS_ENV=production rails db:reset
simple	frameworks	rails-db-reset	rails db:reset
inline	frameworks	rails-db-reset	bash -c 'rails db:reset'
variable	frameworks	rails-db-reset	RAILS_ENV=production rails db:reset
simple	frameworks	rails-db-reset	rails db:reset
inline	frameworks	rails-db-reset	bash -c 'rails db:reset'
variable	frameworks	rails-db-reset	RAILS_ENV=production rails db:reset
simple	frameworks	rails-db-reset	rails db:reset
inline	frameworks	rails-db-reset	bash -c 'rails db:reset'
variable	frameworks	rails-db-reset	RAILS_ENV=production rails db:reset
simple	frameworks	rails-db-reset	rails db:reset
inline	frameworks	rails-db-reset	bash -c 'rails db:reset'
variable	frameworks	rails-db-reset	RAILS_ENV=production rails db:reset
simple	frameworks	rails-db-reset	rails db:reset
inline	frameworks	rails-db-reset	bash -c 'rails db:reset'
variable	frameworks	rails-db-reset	RAILS_ENV=production rails db:reset
simple	frameworks	rails-db-reset	rails db:reset
inline	frameworks	rails-db-reset	bash -c 'rails db:reset'
variable	frameworks	rails-db-reset	RAILS_ENV=production rails db:reset
simple	frameworks	rails-db-reset	rails db:reset
inline	frameworks	rails-db-reset	bash -c 'rails db:reset'
variable	frameworks	rails-db-reset	RAILS_ENV=production rails db:reset
simple	frameworks	rails-db-reset	rails db:reset
inline	frameworks	rails-db-reset	bash -c 'rails db:reset'
variable	frameworks	rails-db-reset	RAILS_ENV=production rails db:reset
simple	frameworks	rails-db-reset	rails db:reset
inline	frameworks	rails-db-reset	bash -c 'rails db:reset'
variable	frameworks	rails-db-reset	RAILS_ENV=production rails db:reset
simple	frameworks	rails-db-reset	rails db:reset
inline	frameworks	rails-db-reset	bash -c 'rails db:reset'
variable	frameworks	rails-db-reset	RAILS_ENV=production rails db:reset
simple	frameworks	rails-db-reset	rails db:reset
inline	frameworks	rails-db-reset	bash -c 'rails db:reset'
variable	frameworks	rails-db-reset	RAILS_ENV=production rails db:reset
simple	frameworks	rails-db-reset	rails db:reset
inline	frameworks	rails-db-reset	bash -c 'rails db:reset'
variable	frameworks	rails-db-reset	RAILS_ENV=production rails db:reset
simple	frameworks	rails-db-reset	rails db:reset
inline	frameworks	rails-db-reset	bash -c 'rails db:reset'
variable	frameworks	rails-db-reset	RAILS_ENV=production rails db:reset
simple	frameworks	rails-db-reset	rails db:reset
inline	frameworks	rails-db-reset	bash -c 'rails db:reset'
variable	frameworks	rails-db-reset	RAILS_ENV=production rails db:reset
simple	frameworks	rails-db-reset	rails db:reset
inline	frameworks	rails-db-reset	bash -c 'rails db:reset'
variable	frameworks	rails-db-reset	RAILS_ENV=production rails db:reset
simple	frameworks	rails-db-reset	rails db:reset
inline	frameworks	rails-db-reset	bash -c 'rails db:reset'
variable	frameworks	rails-db-reset	RAILS_ENV=production rails db:reset
simple	frameworks	rails-db-reset	rails db:reset
inline	frameworks	rails-db-reset	bash -c 'rails db:reset'
variable	frameworks	rails-db-reset	RAILS_ENV=production rails db:reset
simple	frameworks	rails-db-reset	rails db:reset
inline	frameworks	rails-db-reset	bash -c 'rails db:reset'
variable	frameworks	rails-db-reset	RAILS_ENV=production rails db:reset
simple	frameworks	rails-db-reset	rails db:reset
inline	frameworks	rails-db-reset	bash -c 'rails db:reset'
variable	frameworks	rails-db-reset	RAILS_ENV=production rails db:reset
simple	frameworks	rails-db-reset	rails db:reset
inline	frameworks	rails-db-reset	bash -c 'rails db:reset'
variable	frameworks	rails-db-reset	RAILS_ENV=production rails db:reset
simple	frameworks	rails-db-reset	rails db:reset
inline	frameworks	rails-db-reset	bash -c 'rails db:reset'
variable	frameworks	rails-db-reset	RAILS_ENV=production rails db:reset
simple	frameworks	rails-db-reset	rails db:reset
inline	frameworks	rails-db-reset	bash -c 'rails db:reset'
variable	frameworks	rails-db-reset	RAILS_ENV=production rails db:reset
simple	frameworks	rails-db-reset	rails db:reset
inline	frameworks	rails-db-reset	bash -c 'rails db:reset'
variable	frameworks	rails-db-reset	RAILS_ENV=production rails db:reset
simple	frameworks	rails-db-reset	rails db:reset
inline	frameworks	rails-db-reset	bash -c 'rails db:reset'
variable	frameworks	rails-db-reset	RAILS_ENV=production rails db:reset
simple	frameworks	rails-db-reset	rails db:reset
inline	frameworks	rails-db-reset	bash -c 'rails db:reset'
variable	frameworks	rails-db-reset	RAILS_ENV=production rails db:reset
simple	frameworks	rails-db-reset	rails db:reset
inline	frameworks	rails-db-reset	bash -c 'rails db:reset'
variable	frameworks	rails-db-reset	RAILS_ENV=production rails db:reset
simple	frameworks	rails-db-reset	rails db:reset
inline	frameworks	rails-db-reset	bash -c 'rails db:reset'
variable	frameworks	rails-db-reset	RAILS_ENV=production rails db:reset
simple	frameworks	rails-db-reset	rails db:reset
inline	frameworks	rails-db-reset	bash -c 'rails db:reset'
variable	frameworks	rails-db-reset	RAILS_ENV=production rails db:reset
simple	frameworks	rails-db-reset	rails db:reset
inline	frameworks	rails-db-reset	bash -c 'rails db:reset'
variable	frameworks	rails-db-reset	RAILS_ENV=production rails db:reset
simple	frameworks	rails-db-reset	rails db:reset
inline	frameworks	rails-db-reset	bash -c 'rails db:reset'
variable	frameworks	rails-db-reset	RAILS_ENV=production rails db:reset
simple	frameworks	rails-db-reset	rails db:reset
inline	frameworks	rails-db-reset	bash -c 'rails db:reset'
variable	frameworks	rails-db-reset	RAILS_ENV=production rails db:reset
simple	frameworks	rails-db-reset	rails db:reset
inline	frameworks	rails-db-reset	bash -c 'rails db:reset'
variable	frameworks	rails-db-reset	RAILS_ENV=production rails db:reset
simple	frameworks	rails-db-reset	rails db:reset
inline	frameworks	rails-db-reset	bash -c 'rails db:reset'
variable	frameworks	rails-db-reset	RAILS_ENV=production rails db:reset
simple	frameworks	rails-db-reset	rails db:reset
inline	frameworks	rails-db-reset	bash -c 'rails db:reset'
variable	frameworks	rails-db-reset	RAILS_ENV=production rails db:reset
simple	frameworks	rails-db-reset	rails db:reset
inline	frameworks	rails-db-reset	bash -c 'rails db:reset'
variable	frameworks	rails-db-reset	RAILS_ENV=production rails db:reset
simple	frameworks	rails-db-reset	rails db:reset
inline	frameworks	rails-db-reset	bash -c 'rails db:reset'
variable	frameworks	rails-db-reset	RAILS_ENV=production rails db:reset
simple	frameworks	rails-db-reset	rails db:reset
inline	frameworks	rails-db-reset	bash -c 'rails db:reset'
variable	frameworks	rails-db-reset	RAILS_ENV=production rails db:reset
simple	frameworks	rails-db-reset	rails db:reset
inline	frameworks	rails-db-reset	bash -c 'rails db:reset'
variable	frameworks	rails-db-reset	RAILS_ENV=production rails db:reset
simple	frameworks	rails-db-reset	rails db:reset
inline	frameworks	rails-db-reset	bash -c 'rails db:reset'
variable	frameworks	rails-db-reset	RAILS_ENV=production rails db:reset
simple	frameworks	rails-db-reset	rails db:reset
inline	frameworks	rails-db-reset	bash -c 'rails db:reset'
variable	frameworks	rails-db-reset	RAILS_ENV=production rails db:reset
simple	frameworks	rails-db-reset	rails db:reset
inline	frameworks	rails-db-reset	bash -c 'rails db:reset'
variable	frameworks	rails-db-reset	RAILS_ENV=production rails db:reset
simple	frameworks	rails-db-reset	rails db:reset
inline	frameworks	rails-db-reset	bash -c 'rails db:reset'
variable	frameworks	rails-db-reset	RAILS_ENV=production rails db:reset
simple	frameworks	rails-db-reset	rails db:reset
inline	frameworks	rails-db-reset	bash -c 'rails db:reset'
variable	frameworks	rails-db-reset	RAILS_ENV=production rails db:reset
simple	frameworks	rails-db-reset	rails db:reset
inline	frameworks	rails-db-reset	bash -c 'rails db:reset'
variable	frameworks	rails-db-reset	RAILS_ENV=production rails db:reset
simple	frameworks	rails-db-reset	rails db:reset
inline	frameworks	rails-db-reset	bash -c 'rails db:reset'
variable	frameworks	rails-db-reset	RAILS_ENV=production rails db:reset
simple	frameworks	rails-db-reset	rails db:reset
inline	frameworks	rails-db-reset	bash -c 'rails db:reset'
variable	frameworks	rails-db-reset	RAILS_ENV=production rails db:reset
simple	frameworks	rails-db-reset	rails db:reset
inline	frameworks	rails-db-reset	bash -c 'rails db:reset'
variable	frameworks	rails-db-reset	RAILS_ENV=production rails db:reset
simple	frameworks	rails-db-reset	rails db:reset
inline	frameworks	rails-db-reset	bash -c 'rails db:reset'
variable	frameworks	rails-db-reset	RAILS_ENV=production rails db:reset
simple	frameworks	rails-db-reset	rails db:reset
inline	frameworks	rails-db-reset	bash -c 'rails db:reset'
variable	frameworks	rails-db-reset	RAILS_ENV=production rails db:reset
simple	frameworks	rails-db-reset	rails db:reset
inline	frameworks	rails-db-reset	bash -c 'rails db:reset'
variable	frameworks	rails-db-reset	RAILS_ENV=production rails db:reset
simple	frameworks	rails-db-reset	rails db:reset
inline	frameworks	rails-db-reset	bash -c 'rails db:reset'
variable	frameworks	rails-db-reset	RAILS_ENV=production rails db:reset
simple	frameworks	rails-db-reset	rails db:reset
inline	frameworks	rails-db-reset	bash -c 'rails db:reset'
variable	frameworks	rails-db-reset	RAILS_ENV=production rails db:reset
simple	frameworks	rails-db-reset	rails db:reset
inline	frameworks	rails-db-reset	bash -c 'rails db:reset'
variable	frameworks	rails-db-reset	RAILS_ENV=production rails db:reset
simple	frameworks	rails-db-reset	rails db:reset
inline	frameworks	rails-db-reset	bash -c 'rails db:reset'
variable	frameworks	rails-db-reset	RAILS_ENV=production rails db:reset
simple	frameworks	rails-db-reset	rails db:reset
inline	frameworks	rails-db-reset	bash -c 'rails db:reset'
variable	frameworks	rails-db-reset	RAILS_ENV=production rails db:reset
simple	frameworks	rails-db-reset	rails db:reset
inline	frameworks	rails-db-reset	bash -c 'rails db:reset'
variable	frameworks	rails-db-reset	RAILS_ENV=production rails db:reset
simple	frameworks	rails-db-reset	rails db:reset
inline	frameworks	rails-db-reset	bash -c 'rails db:reset'
variable	frameworks	rails-db-reset	RAILS_ENV=production rails db:reset
simple	-	-	git status
simple	-	-	echo "do not run rm -rf /tmp/fdp3-1"
compound	-	-	echo safe-1 && ls -la /tmp
simple	-	-	git status
simple	-	-	echo "do not run rm -rf /tmp/fdp3-2"
compound	-	-	echo safe-2 && ls -la /tmp
simple	-	-	git status
simple	-	-	echo "do not run rm -rf /tmp/fdp3-3"
compound	-	-	echo safe-3 && ls -la /tmp
simple	-	-	git status
simple	-	-	echo "do not run rm -rf /tmp/fdp3-4"
compound	-	-	echo safe-4 && ls -la /tmp
simple	-	-	git status
simple	-	-	echo "do not run rm -rf /tmp/fdp3-5"
compound	-	-	echo safe-5 && ls -la /tmp
simple	-	-	git status
simple	-	-	echo "do not run rm -rf /tmp/fdp3-6"
compound	-	-	echo safe-6 && ls -la /tmp
simple	-	-	git status
simple	-	-	echo "do not run rm -rf /tmp/fdp3-7"
compound	-	-	echo safe-7 && ls -la /tmp
simple	-	-	git status
simple	-	-	echo "do not run rm -rf /tmp/fdp3-8"
compound	-	-	echo safe-8 && ls -la /tmp
simple	-	-	git status
simple	-	-	echo "do not run rm -rf /tmp/fdp3-9"
compound	-	-	echo safe-9 && ls -la /tmp
simple	-	-	git status
simple	-	-	echo "do not run rm -rf /tmp/fdp3-10"
compound	-	-	echo safe-10 && ls -la /tmp
simple	-	-	git status
simple	-	-	echo "do not run rm -rf /tmp/fdp3-11"
compound	-	-	echo safe-11 && ls -la /tmp
simple	-	-	git status
simple	-	-	echo "do not run rm -rf /tmp/fdp3-12"
compound	-	-	echo safe-12 && ls -la /tmp
simple	-	-	git status
simple	-	-	echo "do not run rm -rf /tmp/fdp3-13"
compound	-	-	echo safe-13 && ls -la /tmp
simple	-	-	git status
simple	-	-	echo "do not run rm -rf /tmp/fdp3-14"
compound	-	-	echo safe-14 && ls -la /tmp
simple	-	-	git status
simple	-	-	echo "do not run rm -rf /tmp/fdp3-15"
compound	-	-	echo safe-15 && ls -la /tmp
simple	-	-	git status
simple	-	-	echo "do not run rm -rf /tmp/fdp3-16"
compound	-	-	echo safe-16 && ls -la /tmp
simple	-	-	git status
simple	-	-	echo "do not run rm -rf /tmp/fdp3-17"
compound	-	-	echo safe-17 && ls -la /tmp
simple	-	-	git status
simple	-	-	echo "do not run rm -rf /tmp/fdp3-18"
compound	-	-	echo safe-18 && ls -la /tmp
simple	-	-	git status
simple	-	-	echo "do not run rm -rf /tmp/fdp3-19"
compound	-	-	echo safe-19 && ls -la /tmp
simple	-	-	git status
simple	-	-	echo "do not run rm -rf /tmp/fdp3-20"
compound	-	-	echo safe-20 && ls -la /tmp
simple	-	-	git status
simple	-	-	echo "do not run rm -rf /tmp/fdp3-21"
compound	-	-	echo safe-21 && ls -la /tmp
simple	-	-	git status
simple	-	-	echo "do not run rm -rf /tmp/fdp3-22"
compound	-	-	echo safe-22 && ls -la /tmp
simple	-	-	git status
simple	-	-	echo "do not run rm -rf /tmp/fdp3-23"
compound	-	-	echo safe-23 && ls -la /tmp
simple	-	-	git status
simple	-	-	echo "do not run rm -rf /tmp/fdp3-24"
compound	-	-	echo safe-24 && ls -la /tmp
simple	-	-	git status
simple	-	-	echo "do not run rm -rf /tmp/fdp3-25"
compound	-	-	echo safe-25 && ls -la /tmp
simple	-	-	git status
simple	-	-	echo "do not run rm -rf /tmp/fdp3-26"
compound	-	-	echo safe-26 && ls -la /tmp
simple	-	-	git status
simple	-	-	echo "do not run rm -rf /tmp/fdp3-27"
compound	-	-	echo safe-27 && ls -la /tmp
simple	-	-	git status
simple	-	-	echo "do not run rm -rf /tmp/fdp3-28"
compound	-	-	echo safe-28 && ls -la /tmp
simple	-	-	git status
simple	-	-	echo "do not run rm -rf /tmp/fdp3-29"
compound	-	-	echo safe-29 && ls -la /tmp
simple	-	-	git status
simple	-	-	echo "do not run rm -rf /tmp/fdp3-30"
compound	-	-	echo safe-30 && ls -la /tmp
simple	-	-	git status
simple	-	-	echo "do not run rm -rf /tmp/fdp3-31"
compound	-	-	echo safe-31 && ls -la /tmp
simple	-	-	git status
simple	-	-	echo "do not run rm -rf /tmp/fdp3-32"
compound	-	-	echo safe-32 && ls -la /tmp
simple	-	-	git status
simple	-	-	echo "do not run rm -rf /tmp/fdp3-33"
compound	-	-	echo safe-33 && ls -la /tmp
simple	-	-	git status
simple	-	-	echo "do not run rm -rf /tmp/fdp3-34"
compound	-	-	echo safe-34 && ls -la /tmp
simple	-	-	git status
simple	-	-	echo "do not run rm -rf /tmp/fdp3-35"
compound	-	-	echo safe-35 && ls -la /tmp
simple	-	-	git status
simple	-	-	echo "do not run rm -rf /tmp/fdp3-36"
compound	-	-	echo safe-36 && ls -la /tmp
simple	-	-	git status
simple	-	-	echo "do not run rm -rf /tmp/fdp3-37"
compound	-	-	echo safe-37 && ls -la /tmp
simple	-	-	git status
simple	-	-	echo "do not run rm -rf /tmp/fdp3-38"
compound	-	-	echo safe-38 && ls -la /tmp
simple	-	-	git status
simple	-	-	echo "do not run rm -rf /tmp/fdp3-39"
compound	-	-	echo safe-39 && ls -la /tmp
simple	-	-	git status
simple	-	-	echo "do not run rm -rf /tmp/fdp3-40"
compound	-	-	echo safe-40 && ls -la /tmp
# Database packs — PostgreSQL
simple	database.postgresql	psql-drop-database	psql -c "DROP DATABASE myapp"
compound	database.postgresql	psql-drop-database	echo backup && psql -c "DROP DATABASE myapp"
subshell	database.postgresql	psql-drop-database	(psql -c "DROP DATABASE myapp")
pipeline	database.postgresql	psql-drop-database	echo yes | psql -c "DROP DATABASE staging"
simple	database.postgresql	dropdb	dropdb myapp
compound	database.postgresql	dropdb	pg_dump myapp > backup.sql && dropdb myapp
subshell	database.postgresql	dropdb	(dropdb testdb)
pipeline	database.postgresql	dropdb	echo y | dropdb myapp
simple	database.postgresql	psql-drop-table	psql -c "DROP TABLE users"
compound	database.postgresql	psql-drop-table	echo backup && psql -c "DROP TABLE orders"
subshell	database.postgresql	psql-drop-table	(psql -c "DROP TABLE sessions")
pipeline	database.postgresql	psql-drop-table	echo yes | psql -c "DROP TABLE IF EXISTS temp_data"
simple	database.postgresql	psql-truncate	psql -c "TRUNCATE users"
compound	database.postgresql	psql-truncate	echo truncating && psql -c "TRUNCATE orders"
subshell	database.postgresql	psql-truncate	(psql -c "TRUNCATE sessions")
simple	database.postgresql	psql-delete-no-where	psql -c "DELETE FROM users"
compound	database.postgresql	psql-delete-no-where	echo deleting && psql -c "DELETE FROM orders"
subshell	database.postgresql	psql-delete-no-where	(psql -c "DELETE FROM sessions")
simple	database.postgresql	pg-dump-clean	pg_dump --clean mydb
compound	database.postgresql	pg-dump-clean	echo dumping && pg_dump --clean mydb > backup.sql
subshell	database.postgresql	pg-dump-clean	(pg_dump --clean mydb)
simple	database.postgresql	pg-restore-clean	pg_restore --clean mydb.dump
compound	database.postgresql	pg-restore-clean	echo restoring && pg_restore --clean mydb.dump
subshell	database.postgresql	pg-restore-clean	(pg_restore --clean mydb.dump)
simple	database.postgresql	psql-alter-drop	psql -c "ALTER TABLE users DROP COLUMN email"
compound	database.postgresql	psql-alter-drop	echo altering && psql -c "ALTER TABLE users DROP COLUMN phone"
subshell	database.postgresql	psql-alter-drop	(psql -c "ALTER TABLE orders DROP COLUMN notes")
simple	database.postgresql	psql-update-no-where	psql -c "UPDATE users SET active=false"
compound	database.postgresql	psql-update-no-where	echo updating && psql -c "UPDATE orders SET status='cancelled'"
subshell	database.postgresql	psql-update-no-where	(psql -c "UPDATE sessions SET expired=true")
simple	database.postgresql	psql-drop-schema	psql -c "DROP SCHEMA public"
compound	database.postgresql	psql-drop-schema	echo dropping && psql -c "DROP SCHEMA staging CASCADE"
subshell	database.postgresql	psql-drop-schema	(psql -c "DROP SCHEMA test")
# Database packs — MySQL
simple	database.mysql	mysql-drop-database	mysql -e "DROP DATABASE myapp"
compound	database.mysql	mysql-drop-database	echo backup && mysql -e "DROP DATABASE staging"
subshell	database.mysql	mysql-drop-database	(mysql -e "DROP DATABASE testdb")
simple	database.mysql	mysqladmin-drop	mysqladmin drop myapp
compound	database.mysql	mysqladmin-drop	echo confirm && mysqladmin drop staging
subshell	database.mysql	mysqladmin-drop	(mysqladmin drop testdb)
simple	database.mysql	mysql-drop-table	mysql -e "DROP TABLE users"
compound	database.mysql	mysql-drop-table	echo backup && mysql -e "DROP TABLE orders"
subshell	database.mysql	mysql-drop-table	(mysql -e "DROP TABLE sessions")
simple	database.mysql	mysql-truncate	mysql -e "TRUNCATE users"
compound	database.mysql	mysql-truncate	echo truncating && mysql -e "TRUNCATE orders"
subshell	database.mysql	mysql-truncate	(mysql -e "TRUNCATE sessions")
simple	database.mysql	mysql-delete-no-where	mysql -e "DELETE FROM users"
compound	database.mysql	mysql-delete-no-where	echo deleting && mysql -e "DELETE FROM orders"
subshell	database.mysql	mysql-delete-no-where	(mysql -e "DELETE FROM sessions")
simple	database.mysql	mysql-alter-drop	mysql -e "ALTER TABLE users DROP COLUMN email"
compound	database.mysql	mysql-alter-drop	echo altering && mysql -e "ALTER TABLE users DROP COLUMN phone"
subshell	database.mysql	mysql-alter-drop	(mysql -e "ALTER TABLE orders DROP COLUMN notes")
simple	database.mysql	mysqladmin-flush	mysqladmin flush-tables
compound	database.mysql	mysqladmin-flush	echo flushing && mysqladmin flush-hosts
subshell	database.mysql	mysqladmin-flush	(mysqladmin flush-privileges)
simple	database.mysql	mysql-update-no-where	mysql -e "UPDATE users SET active=false"
compound	database.mysql	mysql-update-no-where	echo updating && mysql -e "UPDATE orders SET status='cancelled'"
subshell	database.mysql	mysql-update-no-where	(mysql -e "UPDATE sessions SET expired=true")
# Database packs — SQLite
simple	database.sqlite	sqlite3-drop-table	sqlite3 test.db "DROP TABLE users"
compound	database.sqlite	sqlite3-drop-table	echo backup && sqlite3 app.db "DROP TABLE orders"
subshell	database.sqlite	sqlite3-drop-table	(sqlite3 data.db "DROP TABLE sessions")
simple	database.sqlite	sqlite3-dot-drop	sqlite3 test.db ".drop trigger update_ts"
compound	database.sqlite	sqlite3-dot-drop	echo dropping && sqlite3 app.db ".drop view user_summary"
subshell	database.sqlite	sqlite3-dot-drop	(sqlite3 data.db ".drop trigger notify")
simple	database.sqlite	sqlite3-delete-no-where	sqlite3 test.db "DELETE FROM users"
compound	database.sqlite	sqlite3-delete-no-where	echo deleting && sqlite3 app.db "DELETE FROM orders"
subshell	database.sqlite	sqlite3-delete-no-where	(sqlite3 data.db "DELETE FROM sessions")
simple	database.sqlite	sqlite3-truncate	sqlite3 test.db "TRUNCATE users"
compound	database.sqlite	sqlite3-truncate	echo truncating && sqlite3 app.db "TRUNCATE orders"
subshell	database.sqlite	sqlite3-truncate	(sqlite3 data.db "TRUNCATE sessions")
simple	database.sqlite	sqlite3-update-no-where	sqlite3 test.db "UPDATE users SET active=0"
compound	database.sqlite	sqlite3-update-no-where	echo updating && sqlite3 app.db "UPDATE orders SET status='done'"
subshell	database.sqlite	sqlite3-update-no-where	(sqlite3 data.db "UPDATE sessions SET expired=1")
# Database packs — MongoDB
simple	database.mongodb	mongo-drop-database	mongosh --eval "db.dropDatabase()"
compound	database.mongodb	mongo-drop-database	echo backing-up && mongosh --eval "db.dropDatabase()"
subshell	database.mongodb	mongo-drop-database	(mongosh --eval "db.dropDatabase()")
simple	database.mongodb	mongo-collection-drop	mongosh --eval "db.users.drop()"
compound	database.mongodb	mongo-collection-drop	echo dropping && mongosh --eval "db.orders.drop()"
subshell	database.mongodb	mongo-collection-drop	(mongosh --eval "db.sessions.drop()")
simple	database.mongodb	mongo-delete-many-all	mongosh --eval "db.users.deleteMany({})"
compound	database.mongodb	mongo-delete-many-all	echo deleting && mongosh --eval "db.orders.deleteMany({})"
subshell	database.mongodb	mongo-delete-many-all	(mongosh --eval "db.sessions.deleteMany({})")
simple	database.mongodb	mongo-remove-all	mongosh --eval "db.users.remove({})"
compound	database.mongodb	mongo-remove-all	echo removing && mongosh --eval "db.orders.remove({})"
subshell	database.mongodb	mongo-remove-all	(mongosh --eval "db.sessions.remove({})")
simple	database.mongodb	mongorestore-drop	mongorestore --drop /backup/
compound	database.mongodb	mongorestore-drop	echo restoring && mongorestore --drop /backup/mydb
subshell	database.mongodb	mongorestore-drop	(mongorestore --drop /backup/staging)
simple	database.mongodb	mongo-delete-many	mongosh --eval "db.users.deleteMany({active: false})"
compound	database.mongodb	mongo-delete-many	echo deleting && mongosh --eval "db.orders.deleteMany({status: 'old'})"
subshell	database.mongodb	mongo-delete-many	(mongosh --eval "db.sessions.deleteMany({expired: true})")
# Database packs — Redis
simple	database.redis	redis-flushall	redis-cli FLUSHALL
compound	database.redis	redis-flushall	echo flushing && redis-cli FLUSHALL
subshell	database.redis	redis-flushall	(redis-cli FLUSHALL)
simple	database.redis	redis-flushdb	redis-cli FLUSHDB
compound	database.redis	redis-flushdb	echo flushing && redis-cli FLUSHDB
subshell	database.redis	redis-flushdb	(redis-cli FLUSHDB)
simple	database.redis	redis-key-delete	redis-cli DEL mykey
compound	database.redis	redis-key-delete	echo deleting && redis-cli DEL session:123
subshell	database.redis	redis-key-delete	(redis-cli DEL cache:user:1)
simple	database.redis	redis-config-set	redis-cli config set maxmemory 100mb
compound	database.redis	redis-config-set	echo configuring && redis-cli config set timeout 300
subshell	database.redis	redis-config-set	(redis-cli config set hz 100)
simple	database.redis	redis-shutdown	redis-cli shutdown
compound	database.redis	redis-shutdown	echo stopping && redis-cli shutdown nosave
subshell	database.redis	redis-shutdown	(redis-cli shutdown save)
simple	database.redis	redis-debug	redis-cli debug segfault
compound	database.redis	redis-debug	echo testing && redis-cli debug sleep 10
subshell	database.redis	redis-debug	(redis-cli debug set-active-expire 0)
# Core pack expansion (dcg-c9c.3) coverage rows
simple	core.git	git-push-mirror	git push --mirror
compound	core.git	git-push-mirror	echo start && git push --mirror
subshell	core.git	git-push-mirror	(git push --mirror)
simple	core.git	git-reset-hard	git reset --hard HEAD~1
compound	core.git	git-reset-hard	echo start && git reset --hard HEAD~1
subshell	core.git	git-reset-hard	(git reset --hard HEAD~1)
simple	core.git	git-checkout-discard-all	git checkout -- .
compound	core.git	git-checkout-discard-all	echo start && git checkout -- .
subshell	core.git	git-checkout-discard-all	(git checkout -- .)
simple	core.git	git-rebase	git rebase main
compound	core.git	git-rebase	echo start && git rebase main
subshell	core.git	git-rebase	(git rebase main)
simple	core.git	git-clean-force	git clean -f
compound	core.git	git-clean-force	echo start && git clean -f
subshell	core.git	git-clean-force	(git clean -f)
simple	core.git	git-clean-force-dirs	git clean -fd
compound	core.git	git-clean-force-dirs	echo start && git clean -fd
subshell	core.git	git-clean-force-dirs	(git clean -fd)
simple	core.git	git-branch-force-delete	git branch -D stale
compound	core.git	git-branch-force-delete	echo start && git branch -D stale
subshell	core.git	git-branch-force-delete	(git branch -D stale)
simple	core.git	git-push-delete	git push origin --delete stale
compound	core.git	git-push-delete	echo start && git push origin --delete stale
subshell	core.git	git-push-delete	(git push origin --delete stale)
simple	core.git	git-stash-drop	git stash drop stash@{0}
compound	core.git	git-stash-drop	echo start && git stash drop stash@{0}
subshell	core.git	git-stash-drop	(git stash drop stash@{0})
simple	core.git	git-checkout-discard-file	git checkout -- app/main.go
compound	core.git	git-checkout-discard-file	echo start && git checkout -- app/main.go
subshell	core.git	git-checkout-discard-file	(git checkout -- app/main.go)
simple	core.git	git-checkout-dot	git checkout .
compound	core.git	git-checkout-dot	echo start && git checkout .
subshell	core.git	git-checkout-dot	(git checkout .)
simple	core.git	git-push-refspec-delete	git push origin :stale
compound	core.git	git-push-refspec-delete	echo start && git push origin :stale
subshell	core.git	git-push-refspec-delete	(git push origin :stale)
simple	core.git	git-push-force-refspec	git push origin +main:main
compound	core.git	git-push-force-refspec	echo start && git push origin +main:main
subshell	core.git	git-push-force-refspec	(git push origin +main:main)
simple	core.git	git-restore-worktree-all	git restore .
compound	core.git	git-restore-worktree-all	echo start && git restore .
subshell	core.git	git-restore-worktree-all	(git restore .)
simple	core.git	git-restore-source	git restore --source HEAD~2 app/main.go
compound	core.git	git-restore-source	echo start && git restore --source HEAD~2 app/main.go
subshell	core.git	git-restore-source	(git restore --source HEAD~2 app/main.go)
simple	core.git	git-reflog-expire	git reflog expire --expire=now --all
compound	core.git	git-reflog-expire	echo start && git reflog expire --expire=now --all
subshell	core.git	git-reflog-expire	(git reflog expire --expire=now --all)
simple	core.git	git-gc-prune	git gc --prune=now
compound	core.git	git-gc-prune	echo start && git gc --prune=now
subshell	core.git	git-gc-prune	(git gc --prune=now)
simple	core.git	git-filter-branch	git filter-branch --tree-filter 'rm secret.txt' HEAD
compound	core.git	git-filter-branch	echo start && git filter-branch --tree-filter 'rm secret.txt' HEAD
subshell	core.git	git-filter-branch	(git filter-branch --tree-filter 'rm secret.txt' HEAD)
simple	core.git	git-restore-file	git restore app/main.go
compound	core.git	git-restore-file	echo start && git restore app/main.go
subshell	core.git	git-restore-file	(git restore app/main.go)
simple	core.filesystem	rm-rf-root	rm -rf /
compound	core.filesystem	rm-rf-root	echo start && rm -rf /
subshell	core.filesystem	rm-rf-root	(rm -rf /)
simple	core.filesystem	mkfs-any	mkfs.ext4 /dev/sda1
compound	core.filesystem	mkfs-any	echo start && mkfs.ext4 /dev/sda1
subshell	core.filesystem	mkfs-any	(mkfs.ext4 /dev/sda1)
simple	core.filesystem	rm-recursive-force	rm -rf /tmp/build
compound	core.filesystem	rm-recursive-force	echo start && rm -rf /tmp/build
subshell	core.filesystem	rm-recursive-force	(rm -rf /tmp/build)
simple	core.filesystem	dd-write	dd if=/dev/zero of=/dev/sda bs=4M
compound	core.filesystem	dd-write	echo start && dd if=/dev/zero of=/dev/sda bs=4M
subshell	core.filesystem	dd-write	(dd if=/dev/zero of=/dev/sda bs=4M)
simple	core.filesystem	shred-any	shred -vfz file.txt
compound	core.filesystem	shred-any	echo start && shred -vfz file.txt
subshell	core.filesystem	shred-any	(shred -vfz file.txt)
simple	core.filesystem	rm-recursive	rm -r /tmp/build
compound	core.filesystem	rm-recursive	echo start && rm -r /tmp/build
subshell	core.filesystem	rm-recursive	(rm -r /tmp/build)
simple	core.filesystem	chmod-recursive	chmod -R 755 ./app
compound	core.filesystem	chmod-recursive	echo start && chmod -R 755 ./app
subshell	core.filesystem	chmod-recursive	(chmod -R 755 ./app)
simple	core.filesystem	chmod-777	chmod 777 script.sh
compound	core.filesystem	chmod-777	echo start && chmod 777 script.sh
subshell	core.filesystem	chmod-777	(chmod 777 script.sh)
simple	core.filesystem	chown-recursive	chown -R root:root /var/app
compound	core.filesystem	chown-recursive	echo start && chown -R root:root /var/app
subshell	core.filesystem	chown-recursive	(chown -R root:root /var/app)
simple	core.filesystem	mv-to-devnull	mv important.db /dev/null
compound	core.filesystem	mv-to-devnull	echo start && mv important.db /dev/null
subshell	core.filesystem	mv-to-devnull	(mv important.db /dev/null)
simple	core.filesystem	chmod-000	chmod 000 secret.txt
compound	core.filesystem	chmod-000	echo start && chmod 000 secret.txt
subshell	core.filesystem	chmod-000	(chmod 000 secret.txt)
simple	core.filesystem	truncate-zero	truncate -s 0 app.log
compound	core.filesystem	truncate-zero	echo start && truncate -s 0 app.log
subshell	core.filesystem	truncate-zero	(truncate -s 0 app.log)
# Container/Kubernetes pack coverage (dcg-c9c.6)
simple	containers.docker	docker-system-prune	docker system prune -af
compound	containers.docker	docker-system-prune	echo start && docker system prune -af
subshell	containers.docker	docker-system-prune	(docker system prune -af)
simple	containers.compose	compose-down-volumes	docker compose down -v
compound	containers.compose	compose-down-volumes	echo start && docker compose down -v
subshell	containers.compose	compose-down-volumes	(docker compose down -v)
simple	kubernetes.kubectl	kubectl-delete-namespace	kubectl delete namespace prod
compound	kubernetes.kubectl	kubectl-delete-namespace	echo start && kubectl delete namespace prod
subshell	kubernetes.kubectl	kubectl-delete-namespace	(kubectl delete namespace prod)
simple	kubernetes.kubectl	kubectl-delete-workload	kubectl delete deployment web
compound	kubernetes.kubectl	kubectl-delete-workload	echo start && kubectl delete deployment web
subshell	kubernetes.kubectl	kubectl-delete-workload	(kubectl delete deployment web)
simple	kubernetes.kubectl	kubectl-delete-resource	kubectl delete pod mypod
compound	kubernetes.kubectl	kubectl-delete-resource	echo start && kubectl delete pod mypod
subshell	kubernetes.kubectl	kubectl-delete-resource	(kubectl delete pod mypod)
simple	kubernetes.kubectl	kubectl-drain	kubectl drain node-1 --ignore-daemonsets
compound	kubernetes.kubectl	kubectl-drain	echo start && kubectl drain node-1 --ignore-daemonsets
subshell	kubernetes.kubectl	kubectl-drain	(kubectl drain node-1 --ignore-daemonsets)
simple	kubernetes.helm	helm-uninstall	helm uninstall release
compound	kubernetes.helm	helm-uninstall	echo start && helm uninstall release
subshell	kubernetes.helm	helm-uninstall	(helm uninstall release)
simple	kubernetes.helm	helm-rollback	helm rollback release 2
compound	kubernetes.helm	helm-rollback	echo start && helm rollback release 2
subshell	kubernetes.helm	helm-rollback	(helm rollback release 2)
# Other packs coverage (dcg-c9c.7)
simple	frameworks	rails-db-drop	rails db:drop
compound	frameworks	rails-db-drop	echo start && rails db:drop
subshell	frameworks	rails-db-drop	(rails db:drop)
simple	frameworks	rails-db-reset	rails db:reset
compound	frameworks	rails-db-reset	echo start && rails db:reset
subshell	frameworks	rails-db-reset	(rails db:reset)
simple	frameworks	rake-db-drop-all	rake db:drop:all
compound	frameworks	rake-db-drop-all	echo start && rake db:drop:all
subshell	frameworks	rake-db-drop-all	(rake db:drop:all)
simple	frameworks	managepy-flush	manage.py flush
compound	frameworks	managepy-flush	echo start && python manage.py flush
subshell	frameworks	managepy-flush	(python manage.py flush)
simple	frameworks	managepy-migrate-syncdb	manage.py migrate --run-syncdb
compound	frameworks	managepy-migrate-syncdb	echo start && python manage.py migrate --run-syncdb
subshell	frameworks	managepy-migrate-syncdb	(python manage.py migrate --run-syncdb)
simple	frameworks	artisan-migrate-fresh	artisan migrate:fresh
compound	frameworks	artisan-migrate-fresh	echo start && php artisan migrate:fresh
subshell	frameworks	artisan-migrate-fresh	(php artisan migrate:fresh)
simple	frameworks	mix-ecto-reset	mix ecto.reset
compound	frameworks	mix-ecto-reset	echo start && mix ecto.reset
subshell	frameworks	mix-ecto-reset	(mix ecto.reset)
simple	secrets.vault	vault-secrets-disable	vault secrets disable secret/
compound	secrets.vault	vault-secrets-disable	echo start && vault secrets disable secret/
subshell	secrets.vault	vault-secrets-disable	(vault secrets disable secret/)
simple	secrets.vault	vault-auth-disable	vault auth disable github
compound	secrets.vault	vault-auth-disable	echo start && vault auth disable github
subshell	secrets.vault	vault-auth-disable	(vault auth disable github)
simple	secrets.vault	vault-token-revoke	vault token revoke root
compound	secrets.vault	vault-token-revoke	echo start && vault token revoke root
subshell	secrets.vault	vault-token-revoke	(vault token revoke root)
simple	secrets.vault	vault-policy-delete	vault policy delete prod
compound	secrets.vault	vault-policy-delete	echo start && vault policy delete prod
subshell	secrets.vault	vault-policy-delete	(vault policy delete prod)
simple	secrets.vault	vault-audit-disable	vault audit disable file
compound	secrets.vault	vault-audit-disable	echo start && vault audit disable file
subshell	secrets.vault	vault-audit-disable	(vault audit disable file)
simple	remote.rsync	rsync-delete	rsync --delete -a src/ dst/
compound	remote.rsync	rsync-delete	echo start && rsync --delete -a src/ dst/
subshell	remote.rsync	rsync-delete	(rsync --delete -a src/ dst/)
simple	platform.github	gh-repo-delete	gh repo delete owner/repo --yes
compound	platform.github	gh-repo-delete	echo start && gh repo delete owner/repo --yes
subshell	platform.github	gh-repo-delete	(gh repo delete owner/repo --yes)
simple	platform.github	gh-release-delete	gh release delete v1.0.0 --yes
compound	platform.github	gh-release-delete	echo start && gh release delete v1.0.0 --yes
subshell	platform.github	gh-release-delete	(gh release delete v1.0.0 --yes)
simple	platform.github	gh-issue-pr-close	gh issue close 42 --yes
compound	platform.github	gh-issue-pr-close	echo start && gh issue close 42 --yes
subshell	platform.github	gh-issue-pr-close	(gh issue close 42 --yes)
# Personal packs coverage (dcg-c9c.8)
simple	personal.files	personal-files-delete	rm ~/Desktop/file.txt
compound	personal.files	personal-files-delete	echo start && rm ~/Desktop/file.txt
subshell	personal.files	personal-files-delete	(rm ~/Desktop/file.txt)
simple	personal.files	personal-files-overwrite	cp file.txt ~/Downloads/
compound	personal.files	personal-files-overwrite	echo start && cp file.txt ~/Downloads/
subshell	personal.files	personal-files-overwrite	(cp file.txt ~/Downloads/)
simple	personal.files	personal-files-modify	chmod 777 ~/Documents/script.sh
compound	personal.files	personal-files-modify	echo start && chmod 777 ~/Documents/script.sh
subshell	personal.files	personal-files-modify	(chmod 777 ~/Documents/script.sh)
simple	personal.files	personal-files-write	sed -i 's/old/new/' ~/Documents/notes.txt
compound	personal.files	personal-files-write	echo start && sed -i 's/old/new/' ~/Documents/notes.txt
subshell	personal.files	personal-files-write	(sed -i 's/old/new/' ~/Documents/notes.txt)
simple	personal.files	personal-files-access	cat ~/Documents/notes.txt
compound	personal.files	personal-files-access	echo start && cat ~/Documents/notes.txt
subshell	personal.files	personal-files-access	(cat ~/Documents/notes.txt)
simple	personal.ssh	ssh-directory-destructive	rm -rf ~/.ssh/
compound	personal.ssh	ssh-directory-destructive	echo start && rm -rf ~/.ssh/
subshell	personal.ssh	ssh-directory-destructive	(rm -rf ~/.ssh/)
simple	personal.ssh	ssh-private-key-access	cat ~/.ssh/id_rsa
compound	personal.ssh	ssh-private-key-access	echo start && cat ~/.ssh/id_rsa
subshell	personal.ssh	ssh-private-key-access	(cat ~/.ssh/id_rsa)
# macOS packs coverage (dcg-c9c.8)
simple	macos.communication	osascript-send-message	osascript -e 'tell application "Messages" to send "hello" to buddy "John"'
compound	macos.communication	osascript-send-message	echo start && osascript -e 'tell application "Messages" to send "hello" to buddy "John"'
subshell	macos.communication	osascript-send-message	(osascript -e 'tell application "Messages" to send "hello" to buddy "John"')
simple	macos.communication	osascript-send-email	osascript -e 'tell application "Mail" to make new outgoing message'
compound	macos.communication	osascript-send-email	echo start && osascript -e 'tell application "Mail" to make new outgoing message'
subshell	macos.communication	osascript-send-email	(osascript -e 'tell application "Mail" to make new outgoing message')
simple	macos.communication	osascript-system-events	osascript -e 'tell application "System Events" to keystroke "q" using command down'
compound	macos.communication	osascript-system-events	echo start && osascript -e 'tell application "System Events" to keystroke "q" using command down'
subshell	macos.communication	osascript-system-events	(osascript -e 'tell application "System Events" to keystroke "q" using command down')
simple	macos.communication	osascript-sensitive-app	osascript -e 'tell application "Contacts" to get every person'
compound	macos.communication	osascript-sensitive-app	echo start && osascript -e 'tell application "Contacts" to get every person'
subshell	macos.communication	osascript-sensitive-app	(osascript -e 'tell application "Contacts" to get every person')
simple	macos.communication	shortcuts-run	shortcuts run 'My Shortcut'
compound	macos.communication	shortcuts-run	echo start && shortcuts run 'My Shortcut'
subshell	macos.communication	shortcuts-run	(shortcuts run 'My Shortcut')
simple	macos.communication	automator-run	automator workflow.workflow
compound	macos.communication	automator-run	echo start && automator workflow.workflow
subshell	macos.communication	automator-run	(automator workflow.workflow)
simple	macos.communication	osascript-finder-destructive	osascript -e 'tell application "Finder" to empty trash'
compound	macos.communication	osascript-finder-destructive	echo start && osascript -e 'tell application "Finder" to empty trash'
subshell	macos.communication	osascript-finder-destructive	(osascript -e 'tell application "Finder" to empty trash')
simple	macos.communication	open-terminal	open -a Terminal
compound	macos.communication	open-terminal	echo start && open -a Terminal
subshell	macos.communication	open-terminal	(open -a Terminal)
simple	macos.communication	osascript-jxa-catchall	osascript -l JavaScript -e 'Application("Messages").send("hi")'
compound	macos.communication	osascript-jxa-catchall	echo start && osascript -l JavaScript -e 'Application("Messages").send("hi")'
subshell	macos.communication	osascript-jxa-catchall	(osascript -l JavaScript -e 'Application("Messages").send("hi")')
simple	macos.privacy	keychain-read-password	security find-generic-password -s MyService
compound	macos.privacy	keychain-read-password	echo start && security find-generic-password -s MyService
subshell	macos.privacy	keychain-read-password	(security find-generic-password -s MyService)
simple	macos.privacy	keychain-dump	security dump-keychain
compound	macos.privacy	keychain-dump	echo start && security dump-keychain
subshell	macos.privacy	keychain-dump	(security dump-keychain)
simple	macos.privacy	messages-db-access	sqlite3 ~/Library/Messages/chat.db "SELECT * FROM message"
compound	macos.privacy	messages-db-access	echo start && sqlite3 ~/Library/Messages/chat.db "SELECT * FROM message"
subshell	macos.privacy	messages-db-access	(sqlite3 ~/Library/Messages/chat.db "SELECT * FROM message")
simple	macos.privacy	private-data-access	sqlite3 ~/Library/Safari/History.db
compound	macos.privacy	private-data-access	echo start && sqlite3 ~/Library/Safari/History.db
subshell	macos.privacy	private-data-access	(sqlite3 ~/Library/Safari/History.db)
simple	macos.privacy	spotlight-search	mdfind "tax return"
compound	macos.privacy	spotlight-search	echo start && mdfind "tax return"
subshell	macos.privacy	spotlight-search	(mdfind "tax return")
simple	macos.system	csrutil-disable	csrutil disable
compound	macos.system	csrutil-disable	echo start && csrutil disable
subshell	macos.system	csrutil-disable	(csrutil disable)
simple	macos.system	diskutil-erase	diskutil apfs deleteVolume disk2s1
compound	macos.system	diskutil-erase	echo start && diskutil apfs deleteVolume disk2s1
subshell	macos.system	diskutil-erase	(diskutil apfs deleteVolume disk2s1)
simple	macos.system	launchctl-remove	launchctl remove com.apple.service
compound	macos.system	launchctl-remove	echo start && launchctl remove com.apple.service
subshell	macos.system	launchctl-remove	(launchctl remove com.apple.service)
simple	macos.system	tmutil-delete	tmutil delete /Volumes/Backup/Backups.backupdb
compound	macos.system	tmutil-delete	echo start && tmutil delete /Volumes/Backup/Backups.backupdb
subshell	macos.system	tmutil-delete	(tmutil delete /Volumes/Backup/Backups.backupdb)
simple	macos.system	nvram-clear	nvram -c
compound	macos.system	nvram-clear	echo start && nvram -c
subshell	macos.system	nvram-clear	(nvram -c)
simple	macos.system	nvram-write	nvram boot-args="-v"
compound	macos.system	nvram-write	echo start && nvram boot-args="-v"
subshell	macos.system	nvram-write	(nvram boot-args="-v")
simple	macos.system	nvram-delete	nvram -d boot-args
compound	macos.system	nvram-delete	echo start && nvram -d boot-args
subshell	macos.system	nvram-delete	(nvram -d boot-args)
simple	macos.system	spctl-disable	spctl --master-disable
compound	macos.system	spctl-disable	echo start && spctl --master-disable
subshell	macos.system	spctl-disable	(spctl --master-disable)
simple	macos.system	dscl-delete	dscl . -delete /Users/foo
compound	macos.system	dscl-delete	echo start && dscl . -delete /Users/foo
subshell	macos.system	dscl-delete	(dscl . -delete /Users/foo)
simple	macos.system	fdesetup-disable	fdesetup disable
compound	macos.system	fdesetup-disable	echo start && fdesetup disable
subshell	macos.system	fdesetup-disable	(fdesetup disable)
simple	macos.system	defaults-delete	defaults delete com.apple.finder
compound	macos.system	defaults-delete	echo start && defaults delete com.apple.finder
subshell	macos.system	defaults-delete	(defaults delete com.apple.finder)
simple	macos.system	defaults-write	defaults write com.apple.dock autohide -bool true
compound	macos.system	defaults-write	echo start && defaults write com.apple.dock autohide -bool true
subshell	macos.system	defaults-write	(defaults write com.apple.dock autohide -bool true)
simple	macos.system	systemsetup-modify	systemsetup -settimezone America/New_York
compound	macos.system	systemsetup-modify	echo start && systemsetup -settimezone America/New_York
subshell	macos.system	systemsetup-modify	(systemsetup -settimezone America/New_York)
